Original Score,Original Feedback,Verdict_AI,Excel_Row
3,"Feedback: The group used an interdisciplinary approach to clearly address the problems ""Should we focus on economic growth and development or prioritize environmental injustice when addressing social inclusion?"" and ""How do we reconcile the potential conflicts between economic progress and environmental injustice"". They demonstrated a clear rationale for taking this interdisciplinary approach.
Feedforward: This represents mastery-level work. Continue applying this level of analysis to other complex sustainability issues.","VERDICT: PASS
REASON: The feedback matches the score of 3.0, as it describes the work as demonstrating a clear interdisciplinary approach, providing a clear rationale, and representing mastery-level work, which aligns with the reference standard for a high score (>=3) of ""Excellent: Well-defined interdisciplinary problem framing.""",2
2,"Feedback: The group attempted to frame and justify the problem by taking a stance on prioritizing environmental injustice over economic growth when addressing social inclusion. However, this group did not justify the solutions to reconciling the conflicts between economic growth and environmental injustice, i.e., progressive redistributive policies.
Feedforward: To reach mastery level, the group need to provide a clearer rationale for why progressive redistributive policies are necessary for addressing this complex conflict between economic growth and environmental injustice. ","VERDICT: FAIL
REASON: The tone of the feedback does not match the score. For a score of 2.0, which is mid-range, the feedback should provide a neutral tone, acknowledging both strengths and weaknesses. However, the feedback provided is more detailed and constructive, which is more suitable for a higher score. The critique is specific and provides suggestions for improvement, but it does not align with the reference standard for a low or high score, and the tone is more positive than expected for a mid-range score.",3
3,"Feedback: The group excellently framed the problem and clearly articulated the tension between economic growth and environmental justice while considering different stakeholders with strong justifications.
Feedforward: This represents mastery-level work. Continue applying this level of analysis to other complex sustainability issues.","VERDICT: PASS
REASON: The feedback matches the high score of 3.0, as it uses positive language such as ""excellently framed"", ""clearly articulated"", and ""mastery-level work"", which aligns with the reference standard for a high score, indicating well-defined interdisciplinary problem framing.",4
2,"Feedback: The group framed the problem by advocating for a focus on environmental injustice, providing some reasoning through integrating different disciplinary perspectives. However, the concern is that they did not justify why they use the integrative approach to address the questions..
Feedforward: To improve, the group should provide a clearer rationale for why an interdisciplinary approach is necessary and better justify their choice to prioritize environmental injustice. They need to more clearly articulate the problem statement and explain why their proposed approach is most effective.","VERDICT: FAIL
REASON: The feedback provided does not match the score of 2.0. The tone of the feedback is more constructive and suggests specific areas for improvement, which is more aligned with a medium to high score. The reference standards indicate that a low score (<=1) should have a critique tone, and a high score (>=3) should have an excellent tone. The feedback provided is detailed and focused on improvement, which does not align with the expected tone for a score of 2.0, which should be more neutral.",5
3,"Feedback: The group demonstrated excellent problem framing by presenting a comprehensive analysis that balances economic growth with environmental justice concerns.
Feedforward: This represents mastery-level work. Continue applying this level of analysis to other complex sustainability issues.","VERDICT: PASS
REASON: The tone of the feedback matches the high score of 3.0, as it uses positive language such as ""excellent"" and ""mastery-level work"", and provides a specific example of the group's strength in problem framing, aligning with the reference standard for a high score.",6
2,"Feedback: The group used an interdisciplinary approach to propose the solutions to the conflict with strong justifications. But it is not clear about their purpose for the priority. Specifically, they attempted to frame the problem by discussing the balance between economic growth and environmental justice, ultimately advocating for prioritizing economic growth. This inconsistency confuses people.
Feedforward: This group need to show their purpose of priority in a clear and consistant way with strong justification.","VERDICT: FAIL
REASON: The feedback provided does not match the score of 2.0. The tone of the feedback is mostly constructive and specific, highlighting both strengths (interdisciplinary approach, strong justifications) and weaknesses (lack of clarity on purpose, inconsistency), which is more aligned with a medium score. However, the reference standards indicate that a score of 2.0 does not explicitly correspond to either the low or high score feedback templates. The provided feedback seems to lean towards a more nuanced evaluation, which does not strictly adhere to the tone expected for the given score based on the reference standards. A score of 2.0 suggests a middle ground, but the feedback's tone and content do not clearly reflect the ""LOW SCORE"" critique regarding depth in problem framing, nor does it fully align with the ""HIGH SCORE"" praise for well-defined interdisciplinary problem framing. The feedback's detailed analysis suggests a deeper engagement with the work than a score of 2.0 might imply based on the strict rules provided.",7
3,"Feedback: Outstanding problem framing with clear analysis of the tensions between economic growth and environmental justice. The group provided excellent contextual analysis including COVID-19 examples and demonstrated clear understanding of why a nuanced, interdisciplinary approach is necessary.
Feedforward: This represents mastery-level work. Continue applying this level of analysis to other complex sustainability issues.","VERDICT: PASS
REASON: The feedback matches the high score of 3.0, as it uses positive language such as ""Outstanding"", ""excellent"", and ""mastery-level work"", which is consistent with the reference standard for a high score, indicating well-defined interdisciplinary problem framing.",8
3,"Feedback: The group demonstrated clear and justified problem framing by articulating their position that economic growth and development is more necessary in addressing social inclusion. They proposed solutions to address the conflicts with integrated approach.
Feedforward: This represents mastery-level work. Continue this robust approach when addressing future sustainability problems.","VERDICT: PASS
REASON: The feedback matches the score of 3.0, as it describes the work as demonstrating ""clear and justified problem framing"" and representing ""mastery-level work"", which aligns with the reference standard for a high score, ""Excellent: Well-defined interdisciplinary problem framing.""",9
3,"Feedback: The group provided excellent problem framing by clearly articulating why environmental injustice should be the focus when addressing social inclusion. 
Feedforward: This represents mastery-level work. Well done.","VERDICT: PASS
REASON: The feedback matches the score of 3.0, as it uses positive language such as ""excellent"" and ""mastery-level work"", and provides specific praise for the group's problem framing, aligning with the reference standard for a high score.",10
3,"Feedback: The group attempted to frame the problem around carbon emissions as a key climate issue, demonstrating some understanding of the urgency and interconnectedness of environmental and social factors. 
Feedforward: The purposes and solutions are very clear. Well done!","VERDICT: PASS
REASON: The provided feedback matches the high score of 3.0, as it acknowledges the group's understanding of the problem's urgency and interconnectedness, and praises the clarity of purposes and solutions, aligning with the tone expected for a high score.",11
1.5,"Feedback: While the group touched on tensions between environmental protection and economic priorities, the problem statement is unclear and the rationale for an interdisciplinary approach is underdeveloped.
Feedforward: This group need to strengthen problem framing by clearly stating the specific problem being addressed, providing a logical rationale for why an interdisciplinary approach is necessary.","VERDICT: PASS
REASON: The provided feedback matches the score of 1.5, as it neither states the problem framing is completely missing (which would align with a score of <=1) nor does it describe the problem framing as well-defined and interdisciplinary (which would align with a score of >=3). Instead, it highlights that the problem statement is unclear and the rationale for an interdisciplinary approach is underdeveloped, which aligns with the middling score of 1.5, indicating a need for improvement without completely lacking depth or being excellent.",12
3,"Feedback: The group provided excellent problem framing by focusing specifically on the transportation sector's role in climate change with clear rationale. They effectively connected environmental, social, and economic dimensions of transportation-related emissions.
Feedforward: This represents mastery-level problem framing. Well done.","VERDICT: PASS
REASON: The provided feedback matches the given score of 3.0, as it explicitly states ""excellent problem framing"" and describes a mastery-level performance, which aligns with the reference standard for a high score (>=3): ""Excellent: Well-defined interdisciplinary problem framing.""",13
3,"Feedback: The group provided excellent problem framing by emphasizing the social dimension as a crucial starting point for climate action. 
Feedforward: This represents mastery-level analysis. Well done!","VERDICT: PASS
REASON: The feedback matches the high score of 3.0, as it uses positive language such as ""excellent"" and ""mastery-level analysis"", and provides specific praise for the group's problem framing, which aligns with the reference standard for a high score.",14
3,"Feedback: The group proposed several problems from different perspectives to tackle for addressing climate change. The problem statement is clear and the integrative approach is clear and evident.
Feedforward: This represents mastery-level work. Good job!","VERDICT: PASS
REASON: The feedback matches the high score of 3.0, as it describes the work as having a ""clear and evident"" integrative approach, and states that it ""represents mastery-level work"", which aligns with the reference standard for a high score, indicating ""Excellent: Well-defined interdisciplinary problem framing"".",15
3,"Feedback: The group attempted to frame the problem by advocating for tackling environmental issues first, providing some rationale about urgency and interconnectedness.
Feedforward: It is fair to say this is mastery-level work, though the justification can be improved and deeper.","VERDICT: PASS
REASON: The feedback matches the score of 3.0, as it describes the work as ""mastery-level"" and provides specific, constructive suggestions for improvement, which aligns with the reference standard for a HIGH SCORE (>=3): ""Excellent: Well-defined interdisciplinary problem framing.""",16
3,"Feedback: The group attempted to address the high carbon emission issue and proposed some solutions. They used an integrative approach, and the rationale for why this requires an interdisciplinary approach is clear.
Feedforward: This is a good example of problem framing and purpose ","VERDICT: PASS
REASON: The provided Feedback matches the Score of 3.0, as it positively evaluates the group's problem framing, integrative approach, and clear rationale for an interdisciplinary approach, which aligns with the reference standards for a HIGH SCORE (>=3).",17
3,"Feedback: The group attempted to frame the problem around the high cost of renewable energy as a barrier to environmental progress, showing understanding of how this economic challenge affects environmental and social goals. 
Feedforward: The group showed great work on articulating the purpose with integrative approaches and justification. Well done!","VERDICT: PASS
REASON: The feedback matches the score of 3.0, as it provides a positive assessment of the group's problem-framing efforts, highlighting their understanding of the economic challenge and its impact on environmental and social goals, and commends their work on articulating the purpose with integrative approaches and justification, which is consistent with the reference standards for a high score.",18
2,"Feedback: The group attempted to frame the problem by advocating for tackling the economic dimension first to ensure stability before addressing environmental and social concerns. They provided some logical reasoning about the importance of economic foundation, but the rationale for an integrateive approach could be clearer.
Feedforward: They need to strengthen problem framing by providing more comprehensive justification for why economic stability is prerequisite to environmental and social progress","VERDICT: PASS
REASON: The feedback matches the score of 2.0, as it provides a neutral assessment, highlighting both the strengths (attempt to frame the problem and provide logical reasoning) and weaknesses (need for clearer rationale and more comprehensive justification) of the submission, which is consistent with the reference standards for a mid-range score.",19
3,"Feedback: The group attempted to propose solutions (provide economic subsidies for companies that support the usage of reusable bags as well as to implement a “plastic” tax on businesses) to reduce plastic bag usage via an interdisciplinary approach and acknowledge challenges of the solution.
Feedforward: They clearly proposed their initiatives and justified it through elaborating the relationships between different disciplines. Good job!","VERDICT: PASS
REASON: The feedback matches the score of 3.0 as it highlights the group's successful attempt to propose solutions and justify their interdisciplinary approach, which aligns with the reference standards for a high score. The tone is also positive and encouraging, consistent with a high score.",20
2,"Feedback: The group attempted to frame the problem by proposing a legislative ban on plastic bags as a more comprehensive solution than charges, showing some understanding of policy alternatives. However, the rationale for why this requires an interdisciplinary approach could be more developed.
Feedforward: They need to strengthen problem framing by providing clearer justification for why plastic waste reduction requires integrated economic, environmental, and social considerations.","VERDICT: PASS
REASON: The provided feedback matches the given score of 2.0, as it acknowledges some strengths in problem framing while also highlighting areas for improvement, such as the need for a more developed rationale for an interdisciplinary approach, which is consistent with the expectations for a mid-range score.",21
3,"Feedback: The group provided a creative and well-structured approach by proposing a ""Sustainability365"" system building on existing successful health programs. They showed good understanding of how behavioral incentives can address environmental challenges.
Feedforward: It is fair enough to say this is a good work, though it can be better if students strengthen problem framing by providing clearer rationale for why an interdisciplinary approach is necessary for plastic waste reduction.","VERDICT: PASS
REASON: The tone of the feedback matches the score of 3.0, which is considered high. The feedback provides specific strengths, such as the group's creative and well-structured approach, and their good understanding of behavioral incentives. The feedforward suggests an area for improvement, but the overall tone is positive and affirming, which is consistent with a high score.",22
3,"Feedback: Excellent problem framing with clear rationale for choosing Unpackt as a solution to plastic waste. The group demonstrated strong justification for taking an interdisciplinary approach, connecting environmental, economic, and social perspectives effectively.
Feedforward: This represents mastery-level problem framing. Well done!","VERDICT: PASS
REASON: The tone of the feedback matches the high score of 3.0, as it uses positive language such as ""Excellent"", ""strong justification"", and ""mastery-level"", which is consistent with the reference standards for a high score. The feedback also provides specific praise for the group's work, which aligns with the tone expected for a high score.",23
3,"Feedback: Clear presentation of the Swedish Return System as a solution for packaging waste, with good understanding of how this system addresses environmental challenges and saving costs as well as labor force through reusable packaging.
Feedforward: They did well in articulating the purpose with interdisciplinary approach.","VERDICT: PASS
REASON: The tone of the feedback matches the score of 3.0, as it provides a positive assessment of the group's work, specifically highlighting their clear presentation, good understanding, and effective articulation of the purpose with an interdisciplinary approach, which aligns with the reference standards for a high score.",24
1,"Feedback: There is limited problem framing with unclear purpose and insufficient justification for taking an interdisciplinary approach. It is unclear what do the students mean by the intervention when they mentioned ""An impact of the intervention"".
Feedforward: They need to clearly articulate the specific problem being addressed and provide strong rationale for why an interdisciplinary approach is necessary. ","VERDICT: PASS
REASON: The feedback matches the reference standards for a LOW SCORE, as it clearly states the limitations of the problem framing, unclear purpose, and insufficient justification for an interdisciplinary approach, which aligns with the tone and content expected for a score of 1.0.",25
3,"Feedback: Good framing of the refill-reuse initiative as a solution to packaging waste. They justified the solution through integrating economic costs and environmental protection.
Feedforward: They did well in articulating the purpose with interdisciplinary approach with strong justifications.","VERDICT: PASS
REASON: The Feedback matches the Score as it provides a positive evaluation of the students' work, highlighting their ability to frame the problem and propose a solution with a clear interdisciplinary approach, which aligns with the reference standards for a HIGH SCORE (>=3). The tone is also consistent with the score, providing a supportive and encouraging assessment of the students' work.",26
1.5,"Feedback: The group adopted Swedish Return System to reduce plastic bag usage. The purpose is clear; however, there is no identifiable intergrative approach.
Feedforward: The group need to use an integrative approach to justify how the return system works and explain how this integrated approach is  effective.","VERDICT: FAIL
REASON: The tone of the feedback does not match the score. For a score of 1.5, the feedback should be more critical, similar to the reference standard for a low score, indicating a lack of depth in problem framing. However, the feedback provided is constructive and specific, suggesting areas for improvement, which is more suitable for a higher score. The tone is not negative enough to justify a score as low as 1.5.",27
2,"Feedback: They provide clear proposal for higher plastic bag pricing at NTUC Fairprice as a solution to reduce plastic usage with an interdisciplinary approach. However, the justification for integrating disciplines is not strong and explicit.
Feedforward: They need to enhance justification for why an interdisciplinary approach is necessary. For example, explain how economic, environmental, and social perspectives should be integrated to design effective plastic reduction policies.","VERDICT: FAIL
REASON: The tone of the feedback does not match the score. For a score of 2.0, the feedback should be neither overly positive nor overly negative, but it should provide a balanced view. The provided feedback, however, leans towards a higher score, praising the proposal and interdisciplinary approach, but criticizes the justification, which is more aligned with a score that is closer to the higher end of the scale (but not quite there), rather than a middle score. A more appropriate feedback for a score of 2.0 should provide a clearer indication of the work's mediocrity, lacking both the excellence seen in higher scores and the significant critique of lower scores.",28
3,"Feedback: Good attempt to present integrated disciplinary perspectives on the environmental injustice vs economic growth debate, showing the purposes (indicate the priority and propose solutions) clearly.
Feedforward: Well done! Continue articulating purposes clearly with integrated approaches to address other complex problems.","VERDICT: PASS
REASON: The feedback matches the high score of 3.0, as it provides positive comments such as ""Good attempt"", ""showing the purposes clearly"", and ""Well done"", which align with the tone expected for a high score, similar to the reference standard ""Excellent: Well-defined interdisciplinary problem framing"".",29
3,"Feedback: Excellent problem framing that clearly articulates how environmental justice and economic progress can work together. The group demonstrated strong understanding of the interconnected nature of these issues and provided clear rationale for taking an interdisciplinary approach.
Feedforward: Well done. Keep in framing complex problems with clear purposes and integrated approaches.","VERDICT: PASS
REASON: The feedback matches the score of 3.0, as it uses phrases such as ""Excellent problem framing"" and provides specific, positive comments on the group's work, aligning with the reference standard for a high score (>=3): ""Excellent: Well-defined interdisciplinary problem framing.""",30
2.5,"Feedback: Excellent problem framing that clearly identifies job creation in various sectors as a solution to reconcile environmental and economic conflicts. However, the group did not justify why they prioritise environmental injustice over economic growth to promote social equity.
Feedforward: Moving forward, this group can provide justifications and rationale for prioritising environmental injustice.","VERDICT: FAIL
REASON: The tone of the feedback does not match the score. The score of 2.5 is neither low (~<=1) nor high (~>=3), but the feedback starts with ""Excellent"", which is a tone reserved for high scores (>=3). The feedback also contains both positive and negative comments, which is inconsistent with the strict rules that require the tone to match the score. A score of 2.5 would typically require a more neutral or constructive tone, rather than an ""Excellent"" praise.",31
3,"Feedback: Clear and strong problem framing that advocates for addressing environmental injustice, with good justification for why this approach serves broader social benefits compared to focusing solely on economic development.
Feedforward: Continue this excellent work by using integrated approaches to address the complex real-world problems.","VERDICT: PASS
REASON: The provided feedback matches the high score of 3.0, as it uses positive language such as ""Clear and strong problem framing"" and ""excellent work"", which is consistent with the reference standard for a high score, ""Excellent: Well-defined interdisciplinary problem framing.""",32
3,"Feedback: Excellent problem framing that recognizes the complexity of the environmental injustice vs economic development debate and advocates for context-dependent solutions. Shows sophisticated understanding of how different situations require different approaches and demonstrates mature thinking about policy complexity.
Feedforward: Well done! The group considred contextual factors which are very important for decision-making in interdisciplinary learning.","VERDICT: PASS
REASON: The feedback matches the score of 3.0, as it uses phrases such as ""Excellent problem framing"" and ""demonstrates mature thinking"", which align with the reference standard for a high score (>=3) indicating ""Excellent: Well-defined interdisciplinary problem framing"". The tone is also positive and specific, providing details about the strengths of the work.",33
2,"Feedback: The group used integrative approaches to address the problem they identified in the second problem. However, the purpose and rationale for interdisciplinary approach are not well established in the problem identification.
Feedforward: They need to clearly articulate what specific problem the exercise was meant to address and adopt an interdisciplinary approach to analyse it.","VERDICT: FAIL
REASON: The feedback provided does not match the given score of 2.0. The tone of the feedback is constructive and provides specific suggestions for improvement, which is more aligned with a score that is neither very high nor very low. However, the reference standards suggest that a score of 2.0 does not clearly fit into either the ""LOW SCORE"" or ""HIGH SCORE"" categories, and the feedback does not explicitly state a critique or excellence that directly correlates with the score of 2.0. The feedback seems to be more detailed and focused on improvement rather than strictly matching the scoring criteria provided.",34
2,"Feedback: The group proposed solutions to address the problem they identified in the second question with integrative approach. However, though the group identified problems, they did not use integrative approach to analyse them.
Feedforward: They need to strengthen problem framing by using integrative approaches and providing clearer rationale for why an interdisciplinary approach is necessary.","VERDICT: FAIL
REASON: The feedback provided does not match the score of 2.0. For a score of 2.0, the feedback should be neutral or mediocre, but the given feedback leans more towards a lower score due to the criticism of not using an integrative approach to analyze the problems and the need to strengthen problem framing. The tone of the feedback is more aligned with a low score, indicating significant room for improvement, rather than a mid-range score of 2.0.",35
3,"Feedback: This group showed clear problem framing that recognizes the complexity of environmental technology implementation with integrative approach.
Feedforward: Keep in this excellent performance in clear problem identification and solving with integrative approaches. Well done!","VERDICT: PASS
REASON: The feedback matches the score of 3.0, as it praises the group's ""clear problem framing"" and ""excellent performance"" with an ""integrative approach"", which aligns with the reference standard for a high score, indicating well-defined interdisciplinary problem framing.",36
1.5,"Feedback: There is some identification of barriers to environmental action (business and individual resistance to investing in emission reduction), but the group did not use an intergrative approach in problem identification. In the solution proposing, the group used an integrative approach to justify the policies, but the justification for using the integrative approach was limited.
Feedforward: They need to clearly analyse the identified problems and proposed solutions with integrative approach with justifications. ","VERDICT: FAIL
REASON: The tone of the feedback does not match the score. For a score of 1.5, the feedback should be closer to the ""LOW SCORE"" reference standard, emphasizing the missing depth in problem framing. However, the feedback provided contains some positive comments (e.g., ""There is some identification of barriers"", ""the group used an integrative approach to justify the policies"") which is more toned towards a mid-range score. The feedback should be more critical to align with the given score.",37
1.5,"Feedback: There is identification of environmental and economic challenges (coral reef death, ice melting, deforestation, job losses), but very limited problem framing and no clear use and rationale for integrative approaches.
Feedforward: They need to clearly analyse the identified problems and proposed solutions with integrative approach with justifications. ","VERDICT: FAIL
REASON: The tone of the feedback does not match the score. For a score of 1.5, the feedback should be closer to the ""Critique: Missing depth in problem framing"" tone, which is more negative. The given feedback, although critical, provides specific and constructive suggestions, which is more typical of a higher score. The tone is not harsh enough to align with the low score, indicating a mismatch.",38
1,"Feedback: This group analysed the pros and cons of all the four initiatives. However, this group did not propose their preferred initiative to address the plastic pollution.
Feedforward: They need to strengthen problem framing by indicating a feasible initiative in Singapore with an interdisciplinary approach and providing clear justification for why an interdisciplinary approach is necessary.","VERDICT: FAIL
REASON: The tone of the feedback does not match the low score of 1.0. The feedback provides specific and constructive suggestions for improvement, which is more typical of a higher score. The reference standard for a low score (<=1) is ""Critique: Missing depth in problem framing"", but the given feedback provides a more detailed analysis of the group's work and suggestions for improvement, rather than a simple critique.",39
2,"Feedback: Clear identification of the Swedish Return System as a solution for NTUC an with integrative approach was found. However, the justificaiton for integration is not explicit and strong. 
Feedforward: They can strengthen problem framing by providing more comprehensive justification for why an interdisciplinary approach is necessary for successful implementation. ","VERDICT: FAIL
REASON: The tone of the feedback does not match the score. For a score of 2.0, the feedback should be neutral or partially positive, but the given feedback is more constructive and suggestive, leaning towards a higher score. The feedback highlights both positive and negative aspects, which is not consistent with the reference standards for a score of 2.0. A score of 2.0 would typically correspond to a critique that is more focused on the lack of depth or clarity, without providing a clear path for improvement or highlighting specific strengths.",40
1.5,"Feedback: Good identification of Tesco's 4R initiative as a comprehensive approach to packaging sustainability. However, this group did not adopt an integrative approach to justify the feasibility of Tesco's initiative.
Feedforward: They need to use an integrative approach and strengthen problem framing by providing clearer justification for why an interdisciplinary approach is necessary for implementing comprehensive packaging sustainability initiative. ","VERDICT: FAIL
REASON: The tone of the feedback does not match the score. The score of 1.5 indicates a low score, but the feedback starts with a positive statement (""Good identification..."") which is more suitable for a higher score. The critique provided (""However, this group did not adopt an integrative approach..."") aligns with a low score, but the initial positive tone contradicts the expected tone for a score of 1.5, which should be more in line with the ""Critique: Missing depth in problem framing"" reference standard.",41
1.5,"Feedback: This group clearly articulate their choice - adopting the Swedish Return System. However, this group did not adopt an integrative approach to justify the feasibility of the Swedish Return System.
Feedforward: They need to use an integrative approach and justify why an interdisciplinary approach is necessary for implementing the Swedish Return System.","VERDICT: FAIL
REASON: The tone of the feedback does not match the score. For a score of 1.5, the feedback should be closer to the ""LOW SCORE"" reference standard, focusing on the lack of depth in problem framing. However, the provided feedback starts positively, stating that the group ""clearly articulate their choice,"" which is more aligned with a higher score. The critique provided is specific but does not align with the severity of a score of 1.5, as it suggests a need for improvement rather than highlighting a significant lack of depth.",42
1.5,"Feedback: Good recognition that combining multiple case studies creates a more comprehensive approach to addressing the 9Rs (reduce, reuse, recycle, etc.). However, this group did not adopt an integrative approach to justify the feasibility of the combined intiative.
Feedforward: They need to use an integrative approach to explain the feasibility of the combined system and justify why an interdisciplinary approach is necessary for implementing the combined system.","VERDICT: FAIL
REASON: The feedback tone does not match the score. For a score of 1.5, the tone should be closer to ""Critique: Missing depth in problem framing"" as it is below the threshold of 3. However, the given feedback starts with ""Good recognition"", which is a positive tone not aligned with the low score, and then highlights the shortcomings, which is more suitable for a score that is neither very high nor very low, indicating a need for improvement rather than a severe critique.",43
1.5,"Feedback: The group attempted to prioritize environmental injustice for Singapore's national progress. But no interdisciplinary approach was identified to address the equity issues. Besides, this group did not propose any solutions to reconcile the potential conflicts between economic progress and environmental injustice.
Feedforward: They need to use an integrative approach to explain the feasibility of prioritizing environmental injustice and justify it. They also need to propose some potential solutions to address the conflicts.","VERDICT: FAIL
REASON: The provided feedback does not match the given score of 1.5. For a score of 1.5, the feedback should be closer to the ""LOW SCORE"" reference standard, emphasizing the lack of depth in problem framing. However, the feedback provided, while critical, offers specific and constructive suggestions for improvement, which is more aligned with a moderate score. The tone and content of the feedback seem to expect more effort and provide guidance, which does not align with the low expectation set by a score of 1.5.",44
1.5,"Feedback: The group attempted to prioritize environmental injustice to promote social equity. No interdisciplinary approach was identified to address the equity issues. This group did not propose any solutions to reconcile the potential conflicts between economic progress and environmental injustice.
Feedforward: They need to use an integrative approach to explain the feasibility of prioritizing environmental injustice and justify it. They also need to propose some potential solutions to address the conflicts.","VERDICT: FAIL
REASON: The tone of the feedback does not match the score. For a score of 1.5, the feedback should be more critical, similar to the ""LOW SCORE"" reference standard, emphasizing the lack of depth in problem framing. However, the provided feedback, while mentioning the absence of an interdisciplinary approach and lack of proposed solutions, has a somewhat constructive tone that is more aligned with a higher score, focusing on the need for improvement rather than critiquing the absence of depth.",45
2,"Feedback: Good recognition that the definition of environmental injustice needs clarification with integrative approach to justify. Nevertheless, the group did not propose any solution to address the potential conflict between environmental injustice and economic growth.
Feedforward: They need to propose some potental solutions to address the potential conflicts between environmental injustice and economic growth.","VERDICT: FAIL
REASON: The tone of the feedback does not match the score. A score of 2.0 is neither low (<=1) nor high (>=3), but the feedback is detailed and constructive, which is more suitable for a higher score. The feedback provides specific comments on both the strengths and weaknesses of the work, and offers suggestions for improvement, which is not consistent with the mediocre score of 2.0. The tone of the feedback is more positive and encouraging than what would be expected for a score of 2.0.",46
1,"Feedback: It is unclear about the priority plan of this group. They highlighted economic growth at first but later they said ""as long as there is some degree of consideration of the other factor"", which is unclear. Also, they did not propose solutions to address the potential conflicts between economic growth and environmental injustice.
Feedforward: They need to make the priority plan clearer and propose some potental solutions to address the potential conflicts between environmental injustice and economic growth.","VERDICT: PASS
REASON: The feedback matches the score of 1.0, as it clearly states that the priority plan is unclear, and the group did not propose solutions to address the potential conflicts, which aligns with the reference standard for a low score. The tone is also critical and specific, providing clear areas for improvement, which is consistent with the tone required for a low score.",47
2,"Feedback: The group clearly articulated and justified prioritizing economic development until sufficient resources are available for environmental justice. However, they did not propose solutions to address the potential conflicts between economic growth and environmental injustice.
Feedforward: They need to propose some potental solutions to address the potential conflicts between environmental injustice and economic growth.","VERDICT: PASS
REASON: The tone of the feedback matches the score of 2.0, as it provides a balanced evaluation, acknowledging both the strength (clear articulation and justification of prioritizing economic development) and the weakness (lack of proposed solutions to address potential conflicts) of the group's approach. The feedback is specific, providing a clear direction for improvement, and the tone is neutral, neither overly positive nor overly negative, which is suitable for a mid-range score.",48
3,"Feedback: Your group has stated that the main problem is to ensure that alternative protein consumption remains sustainable. Your group has explained why an integrative approach, consisting of perspectives like social sciences, or business and engineering, is required. Feedforward: Good job.","VERDICT: PASS
REASON: The tone of the feedback matches the high score of 3.0, as it provides positive comments and acknowledges the group's understanding of the problem and their approach, which aligns with the reference standards for a high score.",49
1,"Feedback: Your group's overarching purpose is not mentioned. Feedforward: To bring clarity to readers, your group should state your purpose, and explain why there is a need for an interdisciplinary approach.","VERDICT: FAIL
REASON: The tone of the feedback does not match the low score. The feedback for a score of 1.0 should be more critical and specific about the weaknesses, similar to the reference standard for a low score. The provided feedback is more constructive and does not explicitly state the major issues, such as unclear priority plans or lack of solutions, which is expected for a score of 1.0.",50
1,"Feedback: Your group did not introduce the topic by stating the problem and purpose. Feedforward: Before answering the question, your group should state the overarching objective. Also, why is there a need for your group to consider multiple perspectives?","VERDICT: FAIL
REASON: The tone of the feedback does not match the score. For a score of 1.0, which is considered a LOW SCORE, the feedback should be more direct and critical, similar to the reference standard. However, the provided feedback is somewhat gentle and includes a question (""Also, why is there a need for your group to consider multiple perspectives?""), which is not allowed according to the strict rules. A revised feedback that matches the score should be more specific and critical without any questions, similar to ""Your group failed to introduce the topic by stating the problem and purpose, which is a critical component. They need to clearly state the overarching objective and provide a compelling reason for considering multiple perspectives.""",51
1,"Feedback: Your group lacks a paragraph to frame the problem and allow readers to understand the purpose of this answer. Feedforward: Your group should start your answer by adding a problem statement. Furthermore, why are multiple perspectives required to tackle this problem?","VERDICT: FAIL
REASON: The tone of the feedback does not match the score. For a low score (1.0), the feedback should be more critical and direct, similar to the reference standard for a low score. However, the provided feedback is somewhat gentle and includes a question (""why are multiple perspectives required to tackle this problem?""), which is not allowed according to the strict rules. The feedback should be specific and only provide constructive criticism without any interrogative tone.",52
1,Feedback: Your group is lacking in an overview as well as overarching problem statement. The purpose is unclear. Feedforward: Your group state the purpose explicitly and clearly. This provides direction to the readers.,"VERDICT: PASS
REASON: The tone of the feedback matches the low score of 1.0, as it highlights significant issues with the group's work, such as lacking an overview and unclear purpose, which is consistent with the reference standard for a low score. The feedforward provides specific guidance for improvement, aligning with the strict rules.",53
1,"Feedback: Your group did not include an overall problem statement. Feedforward: To bring clarity and direction to readers, your group should start your answer by stating the problem.","VERDICT: PASS
REASON: The tone of the feedback matches the low score of 1.0, as it specifically highlights a significant omission (lack of an overall problem statement) and provides a clear feedforward (starting the answer with a problem statement) to improve, which is consistent with the reference standards for a low score.",54
1,"Feedback: Your group answered the questions abruptly without providing context, and introduction, or stating the problem. Feedforward: Your group should explain the problem, context, and why should there be an interdisciplinary approach to tackle the problem.","VERDICT: PASS
REASON: The feedback matches the score of 1.0, as it highlights the group's failure to provide context, introduction, and a clear problem statement, which aligns with the reference standard for a low score. The tone is also consistent with a low score, being critical and specific about the group's shortcomings. The feedforward provides a clear direction for improvement, which is also in line with the reference standard.",55
1,Feedback: Your group did not include a portion to specifically frame the problem context. Feedforward: Why is there a need to tackle the problem? What is the purpose?,"VERDICT: FAIL
REASON: The tone of the Feedback does not match the Score. For a LOW SCORE (<=1), the tone should be critical and point out specific weaknesses, similar to the reference standard. However, the provided Feedback is brief and lacks specific criticism, and the Feedforward contains questions, which is not allowed according to the strict rules. A revised Feedback for a Score of 1.0 should be more detailed and critical, similar to the reference standard, and the Feedforward should be specific and not contain questions.",56
1,Feedback: Your group did not show evidence of problem framing. Feedforward: What is the problem statement and purpose? The purpose should be clearly defined to provide meaning and direction to your response.,"VERDICT: PASS
REASON: The feedback matches the score of 1.0, as it states that the group did not show evidence of problem framing, which aligns with the reference standard for a low score. The tone is also appropriate, providing a clear and direct statement of the issue.",57
1,"Feedback: Your group did not show any signs of problem framing. Feedforward: Your group should emphasize the purpose, as well as why your group needs to tackle this problem using a multi-disciplinary approach.","VERDICT: PASS
REASON: The feedback matches the score of 1.0, as it states that the group did not show evidence of problem framing, which aligns with the reference standard for a low score. The tone is also consistent with the score, providing a critical assessment of the group's performance. The feedforward suggestion is specific, emphasizing the need to define the purpose and approach, which is appropriate for a low-scoring submission.",58
1,Feedback: Your group's response started off unclear as there was no problem statement. Feedforward: Your group should clearly state the problem and objective.,"VERDICT: PASS
REASON: The tone of the feedback matches the low score of 1.0, as it highlights the lack of problem statement and provides a specific feedforward for improvement, which aligns with the reference standard for a low score.",59
1,"Feedback: Your group's answer has no clear sense of direction as your group started by listing out answers, with no context provided. Feedforward: Your group should establish a meaningful purpose at the start of your answer.","VERDICT: PASS
REASON: The tone of the feedback matches the low score (1.0) as it highlights the absence of a clear direction and context in the group's answer, aligning with the reference standard for a low score. The feedback is specific and provides a clear feedforward without asking a question, adhering to the strict rules.",60
1,"Feedback: Your group did not include a clear purpose. Feedforward: Your group should state the purpose at the beginning. Furthermore, why is there a need for a multi-disciplinary approach to achieve the objective?","VERDICT: FAIL
REASON: The tone of the feedback does not match the score. For a low score (1.0), the tone should be consistent with the reference standard, which states ""Your group did not show evidence of problem framing."" However, the provided feedback asks a question (""why is there a need for a multi-disciplinary approach to achieve the objective?""), which is not allowed according to the strict rules. Additionally, the feedback should only provide a statement similar to the reference standard, without asking for additional information or clarification.",61
1,"Feedback: Your group rushed to answer the question, without including context or a problem statement. Feedforward: Your group should start by stating the problem.","VERDICT: PASS
REASON: The provided feedback matches the low score of 1.0, as it indicates a lack of problem framing and context, and provides a feedforward suggestion to improve, which aligns with the reference standard for a low score. The tone is also appropriate for a low score, being constructive and specific.",62
1,Feedback: Your group did not include a clear direction or purpose. Feedforward: Your group should start your response by providing a meaningful and clear purpose.,"VERDICT: PASS
REASON: The Feedback matches the Score, as a score of 1.0 indicates a low score and the feedback states that the group did not include a clear direction or purpose, which aligns with the reference standard for a low score. The tone is also appropriate, as it is critical and provides a specific area for improvement, without asking a question.",63
1,"Feedback: Your group did not state the problem to tackle, making it confusing for readers as the response started abruptly with the policy. Feedforward: Your group can provide an introduction, context, and overarching purpose.","VERDICT: PASS
REASON: The Feedback matches the Score as it indicates that the group did not effectively frame the problem, which aligns with the reference standard for a LOW SCORE (<=1), providing a clear explanation of the issue and specific feedforward for improvement.",64
3,Feedback: Your group has a concise and clear introduction to state the problem. Feedforward: Well done.,"VERDICT: PASS
REASON: The tone of the feedback matches the high score of 3.0, as it provides a positive statement acknowledging the group's clear introduction to the problem, and the feedforward is also positive and affirmative, stating ""Well done"".",65
1,Feedback: Your group has started off abruptly by listing out suggestions. Feedforward: Your group should introduce the problem and purpose before answering the question immediately.,"VERDICT: FAIL
REASON: The tone of the feedback does not match the low score. For a score of 1.0, the feedback should be more critical and directly state that the group did not show evidence of problem framing, similar to the reference standard. The provided feedback, while pointing out a specific issue, is more constructive and suggests improvement, which is not consistent with the tone expected for a low score.",66
1,Feedback: Your group is lacking in a problem statement. Feedforward: What is the problem and purpose of your answer?,"VERDICT: FAIL
REASON: The tone of the feedback does not match the score. The score is low (1.0), but the feedback asks a question (""What is the problem and purpose of your answer?""), which is not allowed according to the strict rules. A low score should have a tone that matches the reference standard, which states ""Your group did not show evidence of problem framing"" without asking a question.",67
3,Feedback: Your group started by stating the overarching policy objective. Your group stated the reason why an interdisciplinary approach must be adopted. Feedforward: Keep it up.,"VERDICT: PASS
REASON: The tone of the feedback matches the high score of 3.0, as it provides positive statements such as ""Your group started by stating the overarching policy objective"" and ""Keep it up"", which is consistent with the reference standard for a high score. The feedback is also specific and does not contain any questions.",68
3,"Feedback: Your group has started by stating a clear objective. Your group's goal is to prioritize sustainable environmental development and guide Singapore toward achieving its net-zero emissions target while preserving biodiversity, ensuring ecosystem resilience, and promoting innovation in clean technologies. Your group has specified why there needs to be multiple disciplines involved. Feedforward: Good job.","VERDICT: PASS
REASON: The tone of the feedback matches the high score of 3.0, as it provides a positive and specific assessment of the group's work, highlighting their clear objective and interdisciplinary approach, and offers a praising feedforward.",69
2,"Feedback: Your group has stated a purpose that calls for an integrative approach. However, it is not clear why it is necessary to use the physical sciences approach. Your problem framing was mostly heavily catered to the business and economics approach only. Feedforward: Your group should justify the need for using the physical sciences discipline.","VERDICT: PASS
REASON: The feedback matches the score of 2.0, as it provides a balanced evaluation, acknowledging both strengths and weaknesses in the group's problem framing, and offers specific feedforward to improve, without being overly positive or negative, maintaining a tone suitable for a mid-range score.",70
3,Feedback: Your group has explained the objective and main problem. Your group has stated the need for using multiple disciplines to approach this problem. Feedforward: Good effort.,"VERDICT: FAIL
REASON: The tone of the feedback does not match the high score of 3.0. The feedback mentions ""Good effort"", which is a moderate tone, whereas a score of 3.0 should have a more positive tone, such as ""Well done"" as stated in the reference standards. Additionally, the feedback does not explicitly state that the introduction is ""concise and clear"", which is a key aspect of a high score.",71
3,Feedback: Your group has a concise problem statement. Your group has also explained why there is a need for multiple disciplines to be involved to tackle this problem. Feedforward: Well done.,"VERDICT: PASS
REASON: The tone of the feedback matches the high score of 3.0, as it provides positive comments on the group's problem statement and their explanation of the need for multiple disciplines, and ends with ""Well done"", which is consistent with the reference standard for a high score.",72
1,Feedback: Your group did not show a problem statement nor explain why there is a need for an interdisciplinary approach. Feedforward: Your group should state the purpose to establish a clear direction for readers.,"VERDICT: PASS
REASON: The provided feedback matches the low score of 1.0, as it states that the group did not show a problem statement, which aligns with the reference standard for a low score. The tone is also appropriately critical and specific, providing clear feedforward guidance without asking questions.",73
1,Feedback: Your response lacks structure and a problem framing paragraph. This makes readers feel confused. Feedforward: What is your group's purpose? Why is there a need for an interdisciplinary approach?,"VERDICT: FAIL
REASON: The feedback tone does not match the low score. The tone should be specific and instructive without questions, as per the reference standards for a low score. The feedback provided contains questions (""What is your group's purpose? Why is there a need for an interdisciplinary approach?""), which is not in line with the strict rules. A revised feedback that matches the score would be: ""Feedback: Your group did not show evidence of problem framing, resulting in a confusing response. Feedforward: Define the problem statement and purpose to provide meaning and direction to your response.""",74
1,"Feedback: Your answer directly illustrate xxxx. However, you do not explicitly state the purpose and do not explain why an interdisciplinary approach is necessary.
Feedforward: To improve, you would need to strengthen the problem framework by clearly articulating the specific issues being addressed, thereby providing a logical justification for the necessity of an interdisciplinary approach.","VERDICT: FAIL
REASON: The tone of the feedback does not match the low score of 1.0. The feedback provides specific and constructive comments, which is more suitable for a higher score. The feedback should be more direct and critical, similar to the reference standard for a low score, emphasizing the lack of problem framing and purpose definition. The current feedback is too helpful and suggestive for a score of 1.0.",75
2,"Feedback: You stated a clear goal (""Reduce carbon emissions by both households & companies in SG""). However, you did not explain why an interdisciplinary approach is necessary to achieve this. You jumped straight into the solutions without justifying why a mix of economic, social, and technological strategies is needed to solve this specific problem.
Feedforward: You can strengthen problem framing by providing more comprehensive justification for why an interdisciplinary approach is necessary for successful implementation.
","VERDICT: PASS
REASON: The feedback provided matches the score of 2.0, as it neither fully aligns with the reference standards for a low score (<=1) nor a high score (>=3). The tone is constructive and specific, pointing out both a strength (stating a clear goal) and a weakness (lack of justification for an interdisciplinary approach), which is appropriate for a mid-range score. The feedforward suggestion offers a clear direction for improvement, aligning with the expectations for a score that indicates some achievement but also significant room for improvement.",76
2,"Feedback: Clear identification of ""SD+"" framework and 3 key pillars - social, economic and environmental. However, the purpose and rationale for the interdisciplinary approach are not well established for all problems.
Feedforward: You can strengthen problem framing by providing more comprehensive justification for why an interdisciplinary approach is necessary for successful implementation.","VERDICT: PASS
REASON: The provided feedback matches the score of 2.0, as it acknowledges some strengths, such as the clear identification of the ""SD+"" framework and its key pillars, but also highlights significant areas for improvement, including the lack of a well-established purpose and rationale for the interdisciplinary approach, which is consistent with a mid-range score. The tone is constructive and specific, providing clear guidance for improvement.",77
1,"Feedback: There is limited problem framing in your slide, with an unclear purpose and insufficient justification for taking an interdisciplinary approach.
Feedforward: You could demonstrate your framework by clearly articulating the problem and purpose, and provide justification for the use of an integrated interdisciplinary perspective.","VERDICT: PASS
REASON: The provided Feedback matches the given Score of 1.0, as it highlights limited problem framing, unclear purpose, and insufficient justification, which aligns with the reference standard for a LOW SCORE (<=1). The tone is also consistent with the score, providing constructive criticism and suggestions for improvement.",78
1,"Feedback: You jumped straight into solutions (education and taxes) without framing the specific problem you are addressing.
Feedforward: To improve, you would need to strengthen the problem framework by clearly articulating the specific issues being addressed, thereby providing a logical justification for the necessity of an interdisciplinary approach.","VERDICT: PASS
REASON: The feedback provided matches the low score of 1.0, as it highlights the lack of problem framing and unclear purpose, which aligns with the reference standards for a low score. The tone is also consistent with the score, providing a critical assessment of the work. The feedforward suggestions are specific and relevant, indicating areas for improvement to achieve a better score.",79
1,"Feedback: Your answer directly conduct analysis. However, you do not explicitly state the purpose and do not explain why an interdisciplinary approach is necessary.
Feedforward: You should clearly articulate the specific problem being addressed and provide a strong rationale for why an interdisciplinary approach is necessary.
","VERDICT: PASS
REASON: The feedback matches the score of 1.0, as it mentions specific areas for improvement, such as not explicitly stating the purpose and not explaining the necessity of an interdisciplinary approach, which aligns with the reference standards for a low score. The tone is also consistent with a low score, providing constructive criticism and suggestions for improvement.",80
1,"Feedback: Your group directly illustrstes specific solutions like vertical greenery and sustainable wood, but you did not frame the core problem or explain why an interdisciplinary approach is necessary.
Feedforward: You can start with a clear problem statement defining the specific problem, explicitly justify why solving this requires integrating engineering, environment, social and different disciplines together.","VERDICT: PASS
REASON: The feedback matches the score of 1.0, as it highlights the limitations of the problem framing, specifically the lack of a clear problem statement and justification for an interdisciplinary approach, which aligns with the reference standards for a low score. The tone is also consistent with the score, providing constructive criticism and suggestions for improvement.",81
1,"Feedback: There is limited problem framing in your answer, with an unclear purpose and insufficient justification for taking an interdisciplinary approach.
Feedforward: You could demonstrate your framework by clearly articulating the problem and purpose, and provide justification for the use of an integrated interdisciplinary perspective.","VERDICT: PASS
REASON: The feedback matches the score of 1.0, as it indicates limited problem framing, an unclear purpose, and insufficient justification, which aligns with the reference standard for a LOW SCORE (<=1). The tone is also consistent with the score, providing constructive criticism and suggestions for improvement.",82
1,"Feedback: Your group directly provided a comprehensive list of solutions (subsidies, infrastructure, education, etc.) without framing the core problem or propose first. You did not explicitly explain why requires the specific interdisciplinary approach.
Feedforward: You could demonstrate your framework by clearly articulating the problem and purpose, and provide justification for the use of an integrated interdisciplinary perspective.","VERDICT: PASS
REASON: The feedback matches the score of 1.0, as it highlights significant limitations in problem framing, such as the lack of a clear core problem statement and insufficient justification for an interdisciplinary approach, which aligns with the reference standards for a low score. The tone is also appropriately critical, focusing on the deficiencies and providing specific guidance for improvement, consistent with the tone expected for a low score.",83
1,"Feedback: There is limited problem framing in your slide, with an unclear purpose and insufficient justification for taking an interdisciplinary approach.
Feedforward: You should clearly articulate the specific problem being addressed and provide a strong rationale for why an interdisciplinary approach is necessary.","VERDICT: PASS
REASON: The tone of the feedback matches the low score of 1.0, as it highlights limited problem framing, unclear purpose, and insufficient justification, which aligns with the reference standards for a low score. The feedforward suggestion is also specific and constructive, providing clear guidance for improvement.",84
2,"Feedback: You provide a clear decomposition of the problem from a multi-disciplinary perspective. However, the justification for integrating disciplines is not strong and explicit.
Feedforward: You can strengthen problem framing by providing more comprehensive justification for why an interdisciplinary approach is necessary for successful implementation.","VERDICT: PASS
REASON: The feedback matches the score of 2.0, as it provides a balanced evaluation of the work. The tone is constructive and specific, highlighting both strengths (clear decomposition of the problem) and weaknesses (lack of strong justification for integrating disciplines), which is consistent with a mid-range score. The feedforward also provides actionable suggestions for improvement, aligning with the expectations for a score of 2.0.",85
2,"Feedback: Your group attempted to frame the problem by proposing a overview of the programme clearly. However, the rationale for the interdisciplinary approaches could be further developed.
Feedforward: You can strengthen problem framing by providing more comprehensive justification for why an interdisciplinary approach is necessary for successful implementation.","VERDICT: PASS
REASON: The feedback matches the score of 2.0, as it provides a neutral tone, acknowledging both the strengths (attempted to frame the problem, proposed a clear overview) and weaknesses (rationale for interdisciplinary approaches could be further developed) of the submission, and offers specific guidance for improvement. The tone is neither overly positive (like a high score) nor overly negative (like a low score), aligning with the moderate score of 2.0.",86
1,"Feedback: Your group directly provided a list of specific solutions (subsidies, taxes, etc.) without defining the core problem or explaining why an interdisciplinary approach is necessary.
Feedforward: You can start with a clear problem statement, explicitly justify why solving this requires different disciplines perspectives.","VERDICT: PASS
REASON: The feedback matches the score of 1.0, as it highlights the limited problem framing, lack of clear purpose, and insufficient justification for an interdisciplinary approach, which aligns with the reference standards for a low score. The tone of the feedback is also consistent with the score, providing specific and constructive criticism.",87
1,"Feedback: Your answer directly provided solutions. However, you lack a clear explanation of the problem framework and why an integrated interdisciplinary approach is necessary to address the issue.
Feedforward: To improve, you would need to strengthen the problem framework by clearly articulating the specific issues being addressed, thereby providing a logical justification for the necessity of an interdisciplinary approach.","VERDICT: PASS
REASON: The Feedback matches the Score of 1.0, as it highlights the lack of a clear problem framework and insufficient justification for an interdisciplinary approach, which aligns with the reference standard for a LOW SCORE. The tone is also consistent with the score, providing constructive criticism without praise.",88
1,"Feedback: Your group directly provide solutions without framing the core problem or explaining why an interdisciplinary approach is necessary at the start.
Feedforward: You can start with a clear problem statement, defining the specific problem and justify the need for interdisciplinary approach.","VERDICT: PASS
REASON: The Feedback matches the Score, as it highlights the limitation in problem framing, specifically the lack of a clear problem statement and justification for an interdisciplinary approach, which aligns with the reference standard for a LOW SCORE (<=1). The tone is also consistent with the score, being constructive but critical, and the feedforward provides specific guidance for improvement.",89
1,"Feedback: There is limited problem framing in your answer, with an unclear purpose and insufficient justification for taking an interdisciplinary approach.
Feedforward: You should clearly articulate the specific problem being addressed and provide a strong rationale for why an interdisciplinary approach is necessary.","VERDICT: PASS
REASON: The feedback matches the score as it clearly states ""limited problem framing"" and ""insufficient justification"", which aligns with the reference standard for a LOW SCORE (<=1), and the tone is also consistent with the score, providing specific feedforward for improvement.",90
1,"Feedback: Your group jumped directly into solutions (subsidies) without framing the core problem or explaining why an interdisciplinary approach is necessary at the start.
Feedforward: You can start with a clear problem statement, explicitly justifying why solving this requires integrating different disciplines approaches.","VERDICT: PASS
REASON: The feedback matches the score of 1.0, as it highlights the limited problem framing, lack of clear purpose, and insufficient justification for an interdisciplinary approach, which aligns with the reference standard for a low score. The tone is also consistent with the score, providing constructive criticism without praise.",91
1,"Feedback: Your answer directly provided solutions. However, you do not explicitly state the purpose and do not explain why an interdisciplinary approach is necessary.
Feedforward: To improve, you would need to strengthen the problem framework by clearly articulating the specific issues being addressed, thereby providing a logical justification for the necessity of an interdisciplinary approach.","VERDICT: PASS
REASON: The tone of the feedback matches the low score of 1.0, as it highlights the limitations and shortcomings of the work, specifically mentioning the lack of explicit purpose and justification for an interdisciplinary approach, which aligns with the reference standards for a low score. The feedforward provides specific guidance for improvement, consistent with the strict rules.",92
1,"Feedback: Your answer directly illustrates solutions through different perspectives. However, you lack a clear explanation of the problem framework and why an integrated interdisciplinary approach is necessary to address the issue.
Feedforward: You should clearly articulate the specific problem being addressed and provide a strong rationale for why an interdisciplinary approach is necessary.","VERDICT: PASS
REASON: The provided feedback matches the low score of 1.0, as it highlights the lack of clear problem framing and insufficient justification for an interdisciplinary approach, which aligns with the reference standards for a low score. The tone is also consistent with the score, providing constructive criticism and suggestions for improvement.",93
1,"Feedback: Your group proposed specific support measures for businesses and employees, but you jumped directly into these solutions without framing the core problem or explaining the purpose of using an interdisciplinary approach.
Feedforward: You can start with a clear problem statement. We suggest explicitly defining the core problem you want to solve and justifying why an interdisciplinary approach is necessary.","VERDICT: PASS
REASON: The tone of the feedback matches the low score of 1.0, as it highlights the limitations of the problem framing, specifically the lack of a clear problem statement and justification for an interdisciplinary approach, which aligns with the reference standard for a low score. The feedforward provides specific guidance on how to improve, consistent with the reference standard.",94
1,"Feedback: Your group proposed specific solutions like subsidies, smart grids, and skills training, but you jumped directly into these solutions without framing the core problem or explaining the purpose of using an interdisciplinary approach.
Feedforward: You can start with a clear problem statement, explicitly defining the core problem you want to solve and justifying why an interdisciplinary approach is necessary.","VERDICT: PASS
REASON: The feedback matches the score of 1.0, as it highlights the lack of problem framing and unclear purpose, which aligns with the reference standard for a low score. The tone is also consistent with the score, providing constructive criticism and suggestions for improvement.",95
2,"Feedback: Clear identification of the introduction of the policy, as well as the integrative approach was found in the slide. However, the purpose and rationale for the interdisciplinary approach are not well established for all problems.
Feedforward: You can strengthen problem framing by providing more comprehensive justification for why an interdisciplinary approach is necessary for successful implementation.","VERDICT: PASS
REASON: The tone of the feedback matches the score of 2.0, which is in the middle range. The feedback provides a balanced view, acknowledging the strengths (""Clear identification of the introduction of the policy, as well as the integrative approach"") while also highlighting the weaknesses (""the purpose and rationale for the interdisciplinary approach are not well established for all problems""). The feedforward suggestion is specific and actionable, providing a clear direction for improvement. The tone is constructive and neutral, which is suitable for a score of 2.0.",96
1,"Feedback: Your group provided a comprehensive list of 7 distinct strategies, ranging from energy to international collaboration. However, you jumped directly into these solutions without explicitly framing the core problem or tension that necessitates this specific multi-pronged approach.
Feedforward: You can start with a clear problem statement, define the specific conflict and justifying why solving it requires integrating the different disciplines.","VERDICT: PASS
REASON: The feedback matches the score of 1.0, as it indicates limited problem framing, an unclear purpose, and insufficient justification for taking an interdisciplinary approach, which aligns with the reference standards for a low score. The tone is also consistent with a low score, providing constructive criticism and suggestions for improvement.",97
1,"Feedback: Your group listed specific solutions regarding education, companies, and habitats, but you jumped directly into these solutions without framing the core problem or explaining the purpose of using an interdisciplinary approach.
Feedforward: You can start with a clear problem statement, explicitly define the core problem and justify why an interdisciplinary approach is necessary.","VERDICT: PASS
REASON: The feedback matches the score, as it provides a critique of the group's problem framing, stating that they jumped into solutions without framing the core problem or explaining the purpose of an interdisciplinary approach, which aligns with the reference standard for a low score. The tone is also consistent with a low score, providing constructive criticism rather than praise.",98
3,"Feedback: Your group provided excellent problem framing at the beginning with a clear rationale. They effectively connected the environmental, social, and economic dimensions of sustainability
Feedforward: This represents mastery-level problem framing. Well done!","VERDICT: PASS
REASON: The feedback matches the score of 3.0, as it provides positive comments on the problem framing, rationale, and connection of sustainability dimensions, and the tone is consistent with a high score, indicating mastery-level performance.",99
2,"Feedback: Your group attempted to frame the problem by proposing a introduction of the comprehensive approach. However, the rationale for the interdisciplinary approaches could be further developed.
Feedforward: You can strengthen problem framing by providing more comprehensive justification for why an interdisciplinary approach is necessary for successful implementation.","VERDICT: PASS
REASON: The tone of the feedback matches the score of 2.0, providing a neutral and constructive assessment. The feedback specifically highlights the strengths and weaknesses of the problem framing, offering actionable suggestions for improvement, which is consistent with a mid-range score.",100
2,"Feedback: Clear introduction of your strategies, as well as the integrative approach was found in the answer. However, the purpose and rationale for the interdisciplinary approach are not well established for the problem.
Feedforward: You need to enhance justification for why an interdisciplinary approach is necessary. For example, explain why and how different discipline perspectives should be integrated to design the solution.","VERDICT: PASS
REASON: The feedback matches the score of 2.0, as it provides a balanced evaluation. The feedback acknowledges some strengths, such as the clear introduction of strategies and the integrative approach, but also highlights weaknesses, including the lack of establishment of the purpose and rationale for the interdisciplinary approach. The tone is constructive and specific, providing actionable feedforward that aligns with the given score, which is neither excessively negative (like a low score) nor overly positive (like a high score).",101
