Frame the problem,Frame the problem.1,Verdict_Raw
3,The group demonstrated a clear interdisciplinary approach to the problem of economic vs environmental priority. They provided a robust rationale and integrated three distinct perspectives seamlessly.,VERDICT: [PASS]
,,
,,"REASON: The feedback is highly specific, maintains a positive and constructive tone consistent with a mastery score of 3.0, and contains no questions."
1,Great job on this essay! You have a very interesting writing style and I enjoyed reading your points about social inclusion. Keep up the good work!,VERDICT: [FAIL]
,,
,,"REASON: Consistency error. A score of 1.0 indicates significant gaps, but the feedback is purely celebratory and vague (""Good job""), failing to address the low grade."
2,"You mentioned the economic perspective well. However, why did you choose not to include the sociological impact? Could you have added more data on the stakeholders?",VERDICT: [FAIL]
,,
,,"REASON: Rule violation. The feedback contains direct questions (""Why did you..."", ""Could you...""). Per the strict rules, feedback must be a statement of fact/evaluation, not a query."
,,
,,
,,
,,
,,
,,
,,
,,
,,
,,
,,
,,
,,
,,
,,
,,
,,
,,
,,
,,
,,
,,
,,
,,
,,
,,
,,
,,
,,
,,
,,
,,
,,
,,
,,
,,
,,
,,
,,
,,
,,
,,
,,
,,
,,
,,
,,
,,
,,
,,
,,
,,
,,
,,
,,
,,
,,
,,
,,
,,
,,
,,
,,
,,
,,
,,
,,
,,
,,
,,
,,
,,
,,
,,
,,
,,
,,
,,
,,
,,
,,
,,
,,
,,
,,
,,
,,
,,
,,
,,
